-- MySQL dump 10.13  Distrib 8.0.16, for Win64 (x86_64)
--
-- Host: localhost    Database: sdr
-- ------------------------------------------------------
-- Server version	8.0.16

/*!40101 SET @OLD_CHARACTER_SET_CLIENT=@@CHARACTER_SET_CLIENT */;
/*!40101 SET @OLD_CHARACTER_SET_RESULTS=@@CHARACTER_SET_RESULTS */;
/*!40101 SET @OLD_COLLATION_CONNECTION=@@COLLATION_CONNECTION */;
 SET NAMES utf8mb4 ;
/*!40103 SET @OLD_TIME_ZONE=@@TIME_ZONE */;
/*!40103 SET TIME_ZONE='+00:00' */;
/*!40014 SET @OLD_UNIQUE_CHECKS=@@UNIQUE_CHECKS, UNIQUE_CHECKS=0 */;
/*!40014 SET @OLD_FOREIGN_KEY_CHECKS=@@FOREIGN_KEY_CHECKS, FOREIGN_KEY_CHECKS=0 */;
/*!40101 SET @OLD_SQL_MODE=@@SQL_MODE, SQL_MODE='NO_AUTO_VALUE_ON_ZERO' */;
/*!40111 SET @OLD_SQL_NOTES=@@SQL_NOTES, SQL_NOTES=0 */;

--
-- Table structure for table `asesor`
--

DROP TABLE IF EXISTS `asesor`;
/*!40101 SET @saved_cs_client     = @@character_set_client */;
 SET character_set_client = utf8mb4 ;
CREATE TABLE `asesor` (
  `id` int(10) unsigned NOT NULL AUTO_INCREMENT,
  `nombre` varchar(100) NOT NULL,
  `noResidentes` int(2) NOT NULL DEFAULT '0',
  `estado` int(2) unsigned NOT NULL DEFAULT '1',
  `setResidentes` int(2) unsigned DEFAULT '0',
  PRIMARY KEY (`id`)
) ENGINE=InnoDB AUTO_INCREMENT=33 DEFAULT CHARSET=utf8;
/*!40101 SET character_set_client = @saved_cs_client */;

--
-- Dumping data for table `asesor`
--

LOCK TABLES `asesor` WRITE;
/*!40000 ALTER TABLE `asesor` DISABLE KEYS */;
INSERT INTO `asesor` VALUES (0,'NA',0,0,0),(1,'SALVADOR ARIZMENDI LEON ',1,1,1),(2,'SILVIA VALLE BAHENA ',6,1,6),(3,'LYDIA CUEVAS BRACAMONTES ',6,1,6),(4,'ARELI BARCENAS NAVA ',2,1,4),(5,'MARTIN ORTEGA OCAMPO ',1,1,2),(6,'ENRIQUE MENA SALGADO ',6,1,8),(7,'MAURICIO FLORES SAAVEDRA ',0,1,1),(8,'ANGELITA DIONICIO ABRAJAN ',6,1,6),(9,'ERNESTINA ANGUIANO BELLO ',6,1,8),(10,'ANASTACIO CARRILLO QUIROZ ',6,1,6),(11,'TANIA SAENZ RIVERA ',1,1,2),(12,'MONICA NUÑEZ VELAZQUEZ ',1,1,2),(13,'ULISES LOPEZ ESTRADA ',0,1,1),(14,'VICTOR MANUEL JACOBO ADAN ',3,1,5),(15,'ARTURO CARLOS RODRIGUEZ ROMAN ',3,1,4),(16,'MARIA DEL CARMEN URIOSTEGUI PERALTA ',3,1,5),(17,'SINDYA YADIRA CASTILLO ORTIZ ',0,1,2),(18,'EMILIO ROMAN CHAVEZ',2,1,3),(19,'JAVIER TABOADA VAZQUEZ ',1,1,2),(20,'HUGO ERASMO PERDOMO ROLDAN ',1,1,2),(21,'PAULINA XITLALI REYNA CORRALES ',2,1,3),(22,'JOSE LUIS ZAGAL ARCE ',1,1,2),(23,'JERONIMO RAMIREZ TERRONES ',0,1,0),(24,'JUAN CARLOS ALEMAN FRIAS ',1,1,1),(25,'JORGE EDUARDO ORTEGA LOPEZ ',4,1,4),(26,'FRANCISCO JAVIER RAMIREZ SANDOVAL ',0,0,0),(27,'SERGIO RICARDO ZAGAL BARRERA ',4,1,6),(28,'HEIDI JIMENEZ SILVA ',2,1,3),(29,'ORLANDO HERNANDEZ PEREZ ',2,1,3),(30,'FRANCISCO HAM SALGADO ',2,1,3);
/*!40000 ALTER TABLE `asesor` ENABLE KEYS */;
UNLOCK TABLES;

--
-- Table structure for table `config`
--

DROP TABLE IF EXISTS `config`;
/*!40101 SET @saved_cs_client     = @@character_set_client */;
 SET character_set_client = utf8mb4 ;
CREATE TABLE `config` (
  `id` int(10) unsigned NOT NULL AUTO_INCREMENT,
  `nombre` varchar(50) CHARACTER SET utf8 COLLATE utf8_unicode_ci NOT NULL,
  `valor` varchar(50) CHARACTER SET utf8 COLLATE utf8_unicode_ci NOT NULL DEFAULT 'off',
  PRIMARY KEY (`id`)
) ENGINE=InnoDB AUTO_INCREMENT=2 DEFAULT CHARSET=utf8 COLLATE=utf8_unicode_ci;
/*!40101 SET character_set_client = @saved_cs_client */;

--
-- Dumping data for table `config`
--

LOCK TABLES `config` WRITE;
/*!40000 ALTER TABLE `config` DISABLE KEYS */;
INSERT INTO `config` VALUES (1,'configPreRegistro','on');
/*!40000 ALTER TABLE `config` ENABLE KEYS */;
UNLOCK TABLES;

--
-- Table structure for table `directorio`
--

DROP TABLE IF EXISTS `directorio`;
/*!40101 SET @saved_cs_client     = @@character_set_client */;
 SET character_set_client = utf8mb4 ;
CREATE TABLE `directorio` (
  `id` int(10) unsigned NOT NULL AUTO_INCREMENT,
  `noExt` varchar(10) CHARACTER SET utf8 COLLATE utf8_unicode_ci NOT NULL,
  `depto` varchar(100) CHARACTER SET utf8 COLLATE utf8_unicode_ci DEFAULT NULL,
  `responsable` varchar(100) CHARACTER SET utf8 COLLATE utf8_unicode_ci DEFAULT NULL,
  PRIMARY KEY (`id`)
) ENGINE=InnoDB AUTO_INCREMENT=32 DEFAULT CHARSET=utf8 COLLATE=utf8_unicode_ci;
/*!40101 SET character_set_client = @saved_cs_client */;

--
-- Dumping data for table `directorio`
--

LOCK TABLES `directorio` WRITE;
/*!40000 ALTER TABLE `directorio` DISABLE KEYS */;
INSERT INTO `directorio` VALUES (1,'1001','CONMUTADOR','C.CRISTINA BUENO ROMÁN'),(2,'1000','DIRECCION','M.D.I.S. ARELI BÁRCENAS NAVA'),(3,'0','o','0'),(4,'1100','SUBDIRECCION ACADEMICA','M.E. SERGIO RICARDO ZAGAL BARRERA'),(5,'225','DEPARTAMENTO DE SISTEMAS Y COMPUTACION','ING. JORGE ORTEGA ORTEGA LOPEZ'),(6,'226','DEPARTAMENTO DE CIENCIAS BASICAS','M.C. FERNANDO SALCEDO LEONARDO'),(7,'233','DEPARTAMENTO DE DESARROLLO ACADEMICO','M.A. ELISA TRUJILLO BELTRAN'),(8,'234','DEPARTAMENTO DE CIENCIAS ECONOMICO ADMINISTRATIVAS','C.P. CRISTINA MARQUEZ SALGADO'),(9,'241','DEPARTAMENTO DE INGENIERIA INDUSTRIAL','DR. JUAN CARLOS KIDO MIRANDA'),(10,'247','DIVICION DE ESTUDIOS PROFECIONALES','M.A. JUANA MIRNA VALLE MORALES'),(11,'224','SUBDIRECCION DE PLANEACION Y VINCULACION','I.S.C. JAVIER TABOADA VAZQUEZ'),(12,'227','DEPARTAMENTO DE PLANEACION, PROGRAMACION Y PRESUPUESTACION','M.C. FRANCISCO JUAREZ HERRERA'),(13,'228','COMITE CALIDAD','M.C. FRANCISCO JUAREZ HERRERA'),(14,'235','DEPARTAMENTO DE GESTION TECNOLOGICA Y VINCULACION','C.P. YOLOXOCHILT SILVIA CRUZ'),(15,'240','DEPARTAMENTO DE GESTION TECNOLOGICA Y VINCULACION','M.I.S. SINDIA YADIRA CASTILLO ORTIZ'),(16,'237','DEPARTAMENTO DE ACTIVIDADES EXTRAESCOLARES','M.C.MARGARITA BARRERA HERNANDEZ'),(17,'243','CENTRO DE INFORMACION','M.C. AGUSTIN ACEVEDO FIGUEROA'),(18,'245','CIIE ITI','L.C. CARLOS ALBERTO DIAZ LARA'),(19,'246','DEPARTAMENTO DE SERVICIOS ESCOLARES','ING. LEO SOTO TABOADA'),(20,'230','SUBDIRECCION DE SERVICIOS ADMINISTRATIVOS','C.P. ANDREA ARZATE SALGADO'),(21,'231','DEPARTAMENTO DE RECURSOS HUMANOS','I.S.C. HUGO ERASMO PERDOMO ROLDAN'),(22,'232','DEPARTAMENTO DE RECURSOS FINANCIEROS','C.P.MA. GUADALUPE GALENA BRITO'),(23,'252','DEPARTAMENTO DE RECURSOS FINANCIEROS (CONTABILIDAD Y VIATICOS)','C.BELEM CARREON ROBLES'),(24,'236','DEPARTAMENTO DE RECURSOS MATERIALES','LIC. JUAN CARLOS ALEMAN FRIAS'),(25,'239','DEPARTAMENTO DE RECURSOS MATERIALES(COMPRAS)','C.GUADALUPE CRUZ ROJO'),(26,'242','CENTRO DE COMPUTO',NULL),(27,'244','DEPARTAMENTO DE DE COMUNICACION Y DIFUSION','LIC. MAURICIO FLORES SAAVEDRA'),(28,'248','DEPARTAMENTO DE MANTENIMIENTO DE EQUIPO','ING. LORENZO HURTADO SALGADO'),(29,'238','SINDICATO','C.P. JUAN ESTRADA AGUILAR'),(30,'249','CASETA DE VIGILANCIA ENTRADA PRINCIPAL',NULL),(31,'250','CASETA DE VIGILANCIA CARR. IGUALA-TAXCO',NULL);
/*!40000 ALTER TABLE `directorio` ENABLE KEYS */;
UNLOCK TABLES;

--
-- Table structure for table `jerarquia`
--

DROP TABLE IF EXISTS `jerarquia`;
/*!40101 SET @saved_cs_client     = @@character_set_client */;
 SET character_set_client = utf8mb4 ;
CREATE TABLE `jerarquia` (
  `id` int(10) unsigned NOT NULL AUTO_INCREMENT,
  `nombre` varchar(120) CHARACTER SET utf8 COLLATE utf8_unicode_ci NOT NULL,
  `cargo` varchar(70) CHARACTER SET utf8 COLLATE utf8_unicode_ci NOT NULL,
  `estado` int(1) unsigned DEFAULT '1',
  `sexo` varchar(2) CHARACTER SET utf8 COLLATE utf8_unicode_ci DEFAULT NULL,
  PRIMARY KEY (`id`)
) ENGINE=InnoDB AUTO_INCREMENT=37 DEFAULT CHARSET=utf8 COLLATE=utf8_unicode_ci;
/*!40101 SET character_set_client = @saved_cs_client */;

--
-- Dumping data for table `jerarquia`
--

LOCK TABLES `jerarquia` WRITE;
/*!40000 ALTER TABLE `jerarquia` DISABLE KEYS */;
INSERT INTO `jerarquia` VALUES (0,'NA','NA',0,'0'),(1,'SILVIA VALLE BAHENA','PRESIDENTE DE ACADEMIA',1,'F'),(2,'JORGE EDUARDO ORTEGA LOPEZ','JEFE DEL DEPTO. DE SISTEMAS Y COMPUTACIÓN',1,'M'),(3,'SERGIO RICARDO ZAGAL BARRERA ','SUBDIRECTOR ACADÉMICO',1,'M'),(4,'JORGE EDUARDO ORTEGA LOPEZ','JEFE DEL DEPTO. ACADEMICO',1,'M'),(5,'FRANCISCO HAM SALGADO','JEFE DE LA DIVISION DE ESTUDIOS PROFESIONALES',1,'M');
/*!40000 ALTER TABLE `jerarquia` ENABLE KEYS */;
UNLOCK TABLES;

--
-- Table structure for table `preregistros`
--

DROP TABLE IF EXISTS `preregistros`;
/*!40101 SET @saved_cs_client     = @@character_set_client */;
 SET character_set_client = utf8mb4 ;
CREATE TABLE `preregistros` (
  `id` int(10) unsigned NOT NULL AUTO_INCREMENT,
  `noControl` varchar(10) CHARACTER SET utf8 COLLATE utf8_unicode_ci NOT NULL,
  `carrera` varchar(100) CHARACTER SET utf8 COLLATE utf8_unicode_ci DEFAULT NULL,
  `telefono` varchar(11) CHARACTER SET utf8 COLLATE utf8_unicode_ci DEFAULT NULL,
  `nombre` varchar(100) CHARACTER SET utf8 COLLATE utf8_unicode_ci NOT NULL,
  `apellidoP` varchar(100) CHARACTER SET utf8 COLLATE utf8_unicode_ci NOT NULL,
  `apellidoM` varchar(100) CHARACTER SET utf8 COLLATE utf8_unicode_ci NOT NULL,
  `asesorPre` int(10) unsigned NOT NULL,
  PRIMARY KEY (`id`),
  UNIQUE KEY `noControl` (`noControl`),
  KEY `asesor` (`asesorPre`),
  CONSTRAINT `FK_preregistros_asesor` FOREIGN KEY (`asesorPre`) REFERENCES `asesor` (`id`)
) ENGINE=InnoDB AUTO_INCREMENT=163 DEFAULT CHARSET=utf8 COLLATE=utf8_unicode_ci;
/*!40101 SET character_set_client = @saved_cs_client */;

--
-- Dumping data for table `preregistros`
--

LOCK TABLES `preregistros` WRITE;
/*!40000 ALTER TABLE `preregistros` DISABLE KEYS */;
INSERT INTO `preregistros` VALUES (100,'16670035','Ingeniería en Sistemas Computacionales','7621175350','MARTIN ALEJANDRO','MILLAN ','CAMPUZANO',2),(102,'16670023','Ingeniería en Sistemas Computacionales','7331252475','SHANIKDHEYRA','CRUZ MANJARREZ','VELAZQUEZ',2),(103,'16670026','Ingeniería en Sistemas Computacionales','7271036758','EDGAR RENE','APONTE','PINEDA',2),(104,'16670041','Ingeniería en Sistemas Computacionales','7331137112','ANGEL ARMANDO ','CATALAN','DE JESUS',6),(105,'16670114','Ingeniería en Sistemas Computacionales','7331555143','VLADIMIR','SOTO','ROA',10),(106,'16670084','Ingeniería en Sistemas Computacionales','7331187116','FRIDA RAQUEL ','TOLEDO','GUZMAN',6),(107,'16670052','Ingeniería en Sistemas Computacionales','5540477544','RODOLFO','ZACARIAS','GARCIA',27),(108,'16670073','Ingeniería en Sistemas Computacionales','7621061001','ERIKA ZULEIMA','BRITO ','GARCIA',9),(109,'16670037','Ingeniería Informática','7331391618','CELIA ANDREA','CASTRO','DIAZ',9),(110,'16670070','Ingeniería Informática','7331551024','JOSE MANUEL','ROJAS ','MORALES',9),(111,'16670269','Ingeniería Informática','7621114120','YAHIR','JAIMES','JAIMES',9),(112,'16670319','Ingeniería Informática','5533673746','DIANA CANDY ','ZEPEDA','MARTINEZ',9),(113,'16670031','Ingeniería en Sistemas Computacionales','7331385278','IRVING SAMUEL','LEON','RUEDA',3),(114,'16670366','Ingeniería en Sistemas Computacionales','7331097162','MA. ESTHER ','PICHARDO','SALGADO',4),(115,'16670322','Ingeniería Informática','0','ALEJANDRO ','ALEJANDRO','SÁNCHEZ',12),(116,'16670030','Ingeniería en Sistemas Computacionales','0','EMMANUEL','GAYTAN ','ROMERO',3),(117,'16670341','Ingeniería en Sistemas Computacionales','0','MARLON ALBERTO','JACOBO','RIVERA',15),(123,'16670059','Ingeniería en Sistemas Computacionales','0','GUATAVO','CHINO','BARRIOS',3),(126,'16670113','Ingeniería Informática','0','MARIA','GARRIDO ','SALINAS',30),(131,'16670295','Ingeniería en Sistemas Computacionales','0',' CARLOS ANDRES','VEGA','GUTIERREZ',10),(133,'16670033','Ingeniería en Sistemas Computacionales','0','EDUARDO','BALLADRES','BUSTAMANTE',3),(134,'16670095','Ingeniería en Sistemas Computacionales','0','SARA HIDEKEL','LAZARO','CARRANZA',10),(135,'16670397','Ingeniería en Sistemas Computacionales','0','YULISSA','RUIZ ','SALGADO',6),(136,'16670123','Ingeniería Informática','0','EDGAR','MANUEL','ALONSO',6),(137,'16670126','Ingeniería Informática','0','ELIZABETH ','FUENTES ','SALGADO',21),(138,'16670036','Ingeniería Informática','0','FAVIOLA','JUAREZ','AVILA',14),(139,'16670102','Ingeniería Informática','0','MARIANO','MACEDA','CASTAÑEDA',29),(140,'14670092','Ingeniería en Sistemas Computacionales','0','GERARDO','GONZALEZ','ENCISO',8),(141,'16670069','Ingeniería Informática','0','ALAN JESUS','MASTACHE ','SANTANA',18),(143,'16670043','Ingeniería Informática','0','ANTONIO VLADIMIR','SALGADO ','RAMIREZ',5),(144,'16670329','Ingeniería Informática','0','DIANA LIZBETH','CASTRO ','VILLAMIL',8),(145,'16670101','Ingeniería Informática','0','KARLA PATRICIA','MORENO','AVALOS',19),(146,'16670092','Ingeniería Informática','0','TANIA','ROMAN','HERNANDEZ',4),(148,'16670022','Ingeniería en Sistemas Computacionales','0','KEVIN','HERNANDEZ','CARRANZA',25),(149,'14670061','Ingeniería en Sistemas Computacionales','0','EVER','SALINAS ','MENDOZA',8),(150,'16670093','Ingeniería Informática','0','MIRIAM','MORENO ','ARROYO',1),(151,'16670115','Ingeniería en Sistemas Computacionales','0','JOSE EVERARDO','ZORRILLA','ARAGON',28),(152,'16670068','Ingeniería en Sistemas Computacionales','0','JOSE ARMANDO','VAZQUEZ','MORALES',25),(153,'16670307','Ingeniería en Sistemas Computacionales','0','JUANA IRIS','GARCIA','MORALES',10),(154,'16670259','Ingeniería en Sistemas Computacionales','0','MARCO ANTONIO','GARCIA ','SALINA',27),(155,'16670003','Ingeniería en Sistemas Computacionales','0','OSCAR','BAHENA','MAZON',22),(156,'16670124','Ingeniería en Sistemas Computacionales','0','YONATHAN YAEL','MACCIAS ','LOPEZ',15),(157,'15670087','Ingeniería en Sistemas Computacionales','0','GRACIELA','ORTIZ','FIGUEROA',24),(158,'15670024','Ingeniería en Sistemas Computacionales','0','MAYRA','VALADEZ','RAMIREZ',18),(159,'16670097','Ingeniería Informática','0','ESTEBAN','CARREÑO ','DELGADO',11),(160,'17670001','Ingeniería en Sistemas Computacionales','0','ARISBETH','ALCOCER','CUEVAS',14),(161,'15670292','Ingeniería en Sistemas Computacionales','0','EDOARDO','GUZMAN','ALBARRAN',16),(162,'16670074','Ingeniería en Sistemas Computacionales','0','FELIPE','HUICOCHEA','CARBAJAL',20);
/*!40000 ALTER TABLE `preregistros` ENABLE KEYS */;
UNLOCK TABLES;

--
-- Table structure for table `proyecto`
--

DROP TABLE IF EXISTS `proyecto`;
/*!40101 SET @saved_cs_client     = @@character_set_client */;
 SET character_set_client = utf8mb4 ;
CREATE TABLE `proyecto` (
  `id` int(10) unsigned NOT NULL AUTO_INCREMENT,
  `nombreProyecto` varchar(200) CHARACTER SET utf8 COLLATE utf8_unicode_ci NOT NULL,
  `nombreEmpresa` varchar(200) CHARACTER SET utf8 COLLATE utf8_unicode_ci NOT NULL,
  `asesorExt` varchar(100) CHARACTER SET utf8 COLLATE utf8_unicode_ci DEFAULT NULL,
  `asesorInt` int(10) unsigned NOT NULL,
  `revisor1` int(10) unsigned DEFAULT NULL,
  `revisor2` int(10) unsigned DEFAULT NULL,
  `revisor3` int(10) unsigned DEFAULT '0',
  `suplente` int(10) unsigned DEFAULT '0',
  PRIMARY KEY (`id`),
  UNIQUE KEY `nombreProyecto_UNIQUE` (`nombreProyecto`),
  KEY `fk_proyecto_asesor1_idx` (`asesorInt`),
  KEY `fk_proyecto_asesor2_idx` (`revisor1`),
  KEY `fk_proyecto_asesor3_idx` (`revisor2`),
  KEY `fk_proyecto_asesor4_idx` (`suplente`),
  KEY `fk_proyecto_asesor5_idx` (`revisor3`),
  CONSTRAINT `fk_proyecto_asesor1` FOREIGN KEY (`asesorInt`) REFERENCES `asesor` (`id`),
  CONSTRAINT `fk_proyecto_asesor2` FOREIGN KEY (`revisor1`) REFERENCES `asesor` (`id`),
  CONSTRAINT `fk_proyecto_asesor3` FOREIGN KEY (`revisor2`) REFERENCES `asesor` (`id`),
  CONSTRAINT `fk_proyecto_asesor4` FOREIGN KEY (`suplente`) REFERENCES `asesor` (`id`),
  CONSTRAINT `fk_proyecto_asesor5` FOREIGN KEY (`revisor3`) REFERENCES `asesor` (`id`)
) ENGINE=InnoDB AUTO_INCREMENT=101 DEFAULT CHARSET=utf8 COLLATE=utf8_unicode_ci;
/*!40101 SET character_set_client = @saved_cs_client */;

--
-- Dumping data for table `proyecto`
--

LOCK TABLES `proyecto` WRITE;
/*!40000 ALTER TABLE `proyecto` DISABLE KEYS */;
INSERT INTO `proyecto` VALUES (0,'NA','NA','NA',0,0,0,0,0),(2,'SISTEMA DE AUTOMATIZACIÓN PARA LA ATENCIÓN A CLIENTE DEL RESTAURANT \"EL TOLOACHE\"','RESTAURANTE \"EL TOLOACHE\"','CHEF JOEL RICARDO URIOSTEGUI FERNANDEZ',3,2,8,0,6),(3,'SISTEMA DEL PROCESO DE MANTENIMIENTO DE INFRAESTRUCTURA Y EQUIPO','INSTITUTO TECNOLÓGICO DE IGUALA','ANDREA ARZATE SALGADO',3,2,27,0,25),(4,'PÁGINA WEB PARA PROMOCIÓN, COTIZACION E INTERCAMBIO DE INFORMACIÓN ENTRE CLIENTE Y EMPRESA','GUILLERMO MASTACHE SALGADO','GUILLERMO MASTACHE SALGADO',2,3,6,0,8),(5,'ENVIO DE MENSAJES MEDIANTE RECONOCIMIENTO DE VOZ PARA DISPOSITIVOS MÓVILES INTELIGENTES (SMARTPHONE)','CENTRO NACIONAL DE INVESTIGACIÓN Y DESARROLLO TECNOLÓGICO','MAXIMO LOPEZ SANCHEZ',9,10,4,0,19),(6,'GRAFICADOR ESTADÍSTICO DEL SISTEMA DE BECAS SUBES','TNM/INSTITUTO TECNOLÓGICO DE IGUALA','LEOBARDA ESPERANZA SOTO TABOADA',10,25,9,0,4),(7,'PLATAFORMA WEB DE RESERVACIÓN PARA RINCONADA HOTEL BOUTIQUE Y EVENTOS','RINCONADA EVENTOS Y HOTEL BOUTIQUE','TANIA LETICIA ADAN SANDOVAL',8,6,2,0,3),(8,'ADMINISTRACIÓN DE LOS LABORATORIOS DE LOS EDIFICIOS DEL F Y G DEL ITI','TNM/INSTITUTO TECNOLÓGICO DE IGUALA','ANDREA ARZATE SALGADO',6,8,3,0,2),(9,'ADMINISTRACIÓN DE CONTACTOS EN UN DISPOSITIVO MÓVIL PARA DISCRIMINAR LA RECEPCIÓN DE MENSAJES','CENTRO NACIONAL DE INVESTIGACIÓN Y DESARROLLO TECNOLOGICO','MAXIMO LOPEZ SANCHEZ',4,9,10,0,19),(10,'Carnet único médico (IMSS, ISSSTE y SSA) para aplicaciones móviles','CENTRO NACIONAL DE INVESTIGACIÓN Y DESARROLLO TECNOLÓGICO','Dr. MAXIMO LOPEZ SANCHEZ',9,10,4,0,18),(11,'Desarrollo de la base de datos y programacion del modulo de consultas y generación de datos y gráficos estadísticos de la carrera de Ingeniería en Sistemas Computacionales del ITI','INSTITUTO TECNOLÓGICO DE IGUALA','SERGIO RICARDO ZAGAL BARRERA ',18,9,10,0,19),(12,'Desarrollo del módulo de consultas y generación de datos y gráficos estadísticos para la carrera de Ingeniería en Sistemas Computacionales del ITI.','INSTITUTO TECNOLÓGICO DE IGUALA ','SERGIO RICARDO ZAGAL BARRERA ',8,6,27,0,3),(13,'\"Sistema de Acceso para Alumnos y Personal, Implementando Dispositivos y Tarjetas Digitales en el Instituto Tecnológico de Iguala\"','INSTITUTO TECNOLÓGICO DE IGUALA','SERGIO RICARDO ZAGAL BARRERA',2,6,27,0,3),(14,'ADMINISTRACIÓN DE LA RED ACADÉMICA DEL CBTis No. 56','CBTis No. 56','Lic. Pedro Ramirez Gonzalez',14,8,2,0,16),(15,'\"Sistema de Inventario de Autopartes Eléctricas\"','MEXICO JINYOUNG TECHNO S.A. DE C.V.','C.P. KARLA BAHENA JIMENEZ',8,3,2,0,6),(16,'DESARROLLO DEL SISTEMA DE CONTROL ESCOLAR DE LA ESCUELA SECUNDARIA TECNICA NUMERO 213 BANDERA NACIONAL','ESCUELA SECUNDARIA TECNICA NUMERO 213 BANDERA NACIONAL','ING. GREGORIO CASTRO REA',6,3,8,0,2),(17,'SISTEMA DE PUNTO DE VENTA EN TIENDA DE UNIFORMES MONTES','TIENDA DE UNIFORMES MONTES','J. GUADALUPE MONTES BARRERA',21,2,8,0,17),(18,'SISTEMA DE PLANIFICACIÓN DIDÁCTICA','CENTRO DE ATENCION MULTIPLE No. 48','JORGE ALEJANDRO TELLEZ ORTIZ',9,10,4,0,0),(19,'GESTIÓN Y CONTROL DEL ACCESO A LA RED DE DATOS INSTITUCIONAL DEL ITI','INSTITUTO TECNOLÓGICO DE IGUALA','ENRIQUE MENA SALGADO',30,0,0,0,0),(20,'SOFTWARE PUNTO DE VENTA \"FIGO PHARMA\"','FARMAPRONTO IGUALA II','ELIDA SURAYA GOMEZ FIGUEROA',3,25,6,0,28),(21,'Análisis y Diseño Gráfico del Sistema de Control de Asistencias del ITI','Instituto Tecnológico de Iguala','Hugo Erasmo Perdomo Roldan',3,2,8,0,25),(22,'Diseño e Implementacion de la Interfaz sobre el Control de Asistencia del ITI (SCAITI)','Instituto Tecnológico de Iguala','Hugo Erasmo Perdomo Roldan',3,6,25,0,27),(23,'APP CONALEP DESARROLLADA EN KOTLIN','CONALEP PLANTEL IGUALA 112','MARIBEL GUADALUPE DELGADO ORTIZ',8,2,27,0,25),(24,'PROTEGIENDO LA INTEGRIDAD FÍSICA Y EL PATRIMONIO FAMILIAR','GIGABYTE','TOMAS ROMAN DIAZ',19,0,0,0,0),(25,'Módulo de Transparencia de Información','CAPUFE (CAMINOS Y PUENTES FEDERALES)','LETICIA MORALES RAMIREZ',10,9,4,0,7),(26,'SISTEMA DE REGISTRO PARA TITULO PROFESIONAL','INSTITUTO TECNOLÓGICO DE IGUALA','LEOBARDA ESPERANZA SOTO TABOADA',10,4,9,0,29),(27,'SISTEMA DE REGISTRO PARA CÉDULA PROFESIONAL','INSTITUTO TECNOLÓGICO DE IGUALA','LEOBARDA ESPERANZA SOTO TABOADA',10,0,0,0,0),(28,'ADMINISTRACION Y ACTUALIZACION DEL SITIO WEB DEL ITI','INSTITUTO TECNOLÓGICO DE IGUALA','JAVIER TABOADA VAZQUEZ',7,9,18,0,19),(29,'SIN PROYECTO','TECNOLOGICO NACIONAL DE MEXICO CAMPUS IGUALA','',6,0,0,0,0),(30,'APLICACIÓN MÓVIL DEL CONALEP GUERRERO PARA ANDROID','CONALEP PLANTEL IGUALA 112','MARIEL GUADALUPE DELGADO ORTIZ',18,0,0,0,0),(31,'ADMINISTRACIÓN DE LOS LABORATORIOS DEL EDIFICIO \"G\" DEL ITI ','INSTITUTO TECNOLÓGICO DE IGUALA ','JORGE EDUARDO ORTEGA LOPEZ ',10,9,4,0,19),(32,'SISTEMA DE ALMACÉN DEL COLEGIO SUPERIOR AGROPECUARIO DEL ESTADO DE GUERRERO (CSAEGRO)','COLEGIO SUPERIOR AGROPECUARIO DEL ESTADO DE GUERRERO (CSAEGRO)','MA. DEL ROSARIO NAVA CHAVEZ',29,10,19,0,9),(33,'MANTENIMIENTO Y ADMINISTRACIÓN DEL EQUIPO DE COMPUTO DEL TECNOLÓGICO NACIONAL DE MEXICO/INSTITUTO TECNOLOGICO DE IGUALA','INSTITUTO TECNOLÓGICO DE IGUALA','ORLANDO HERNANDEZ PEREZ',6,2,21,0,8),(34,'ADMINISTRACIÓN Y MANTENIMIENTO DE LOS EQUIPOS DE COMPUTO DEL ITI','INSTITUTO TECNOLÓGICO DE IGUALA','ORLANDO HERNANDEZ PEREZ',24,0,0,0,0),(35,'\"SISTEMA DE CONTROL DE REVISIONES DE SERVICIOS EN TARIFAS HM Y OM EN LA COMISIÓN FEDERAL DE ELECTRICIDAD\"','COMISIÓN FEDERAL DE ELECTRICIDAD','CARLOS ALFREDO SANABRIA SÁNCHEZ',2,3,27,0,25),(36,'\"SISTEMA DE CONTROL DE INVENTARIO POR COORDINACIONES  DE LA CRUZ ROJA DELEGACIÓN IGUALA\"','CRUZ ROJA DELEGACIÓN IGUALA','MARICELA SILVIA MOLINA MARTINEZ',2,27,6,0,12),(37,'DESARROLLO E IMPLEMENTACIÓN DE UN SISTEMA PARA CONTROL DE ACCESO A LOS LABORATORIOS DE LOS EDIFICIOS \"F\" Y \"G\" DEL ITI ','INSTITUTO TECNOLÓGICO DE IGUALA','JORGE EDUARDO ORTEGA LOPEZ',28,3,16,0,21),(38,'EXPERSOFT-MANAGER MÓDULOS: INVENTARIO DE MOBILIARIO, COTIZADOR, SEGUIMIENTO DE MANTENIMIENTO A CAMARAS DE SEGURIDAD','CORPORATIVO EXPERSOFT-ÁREA DE NEGOCIO GIGABYTE','MARIO ROMAN DIAZ',20,8,12,0,3),(39,'Desarrollo de Módulo Consultas y Elaboración de Reportes','Gigabyte Expertsoft','Tomas Roman Diaz',22,0,0,0,0),(40,'ADMINISTRACION DE SERVICIOS DE TIC','Servicio de Administración Tributaria (SAT)','Jose Luis Meza Rojas',9,4,19,0,7),(41,'Desarrollo del BackOffice y de la aplicación móvil Estoy bien para iOS y Android','HERMES SYSTEMS S.A. DE C.V.','Ing. Diego Isaid Rosas Martinez',27,2,3,0,16),(42,'ESTRUCTURACION E INSTALACION DE EQUIPOS DE MONITOREO CCTV EN MINERA MEDIA LUNA SA DE CV','MINERA MEDIA LUNA S.A. DE C.V.','ING. URIEL GARCIA RAMIREZ',27,3,6,0,21),(43,'Sistema administrativo integral de la empresa Distribuidor Cobea','Distribuidor Cobea','Estanislao Lazaro Rodriguez',1,6,2,0,8),(44,'NOVA LUZ (Control de encendido y apagado de luces mediante comando de voz y/o botones digitales','INSTITUTO TECNOLÓGICO DE IGUALA','SERGIO RICARDO ZAGAL BARRERA',8,27,2,0,25),(45,'DESARROLLO DE SCPV-UAGRO EN PLATAFORMAS WEB Y MÓVIL ','UNIDAD ACADÉMICA DE CIENCIAS AGROPECUARIAS Y AMBIENTALES ','ING. MANUEL HERNANDEZ RODRIGUEZ',27,6,25,0,28),(46,'SISTEMA AUTOMATIZADO DE BANQUETES PARA \"ALQUILADORA LA ANTIGUA\"','ALQUILADORA LA ANTIGUA, UBICADA EN IGNACIO ZARAGOZA NO. 105, COL. CENTRO, C.P. 40000, IGUALA DE LA INDEPENDENCIA, GRO.','TANIA LETICIA ADAN SANDOVAL',8,25,3,0,27),(47,'OPTIMIZACIÓN DEL HOTSPOT Y FILTRADO DE PAGINAS WEB EN EL TECNM-INSTITUTO TECNOLOGICO DE IGUALA','INSTITUTO TECNOLÓGICO DE IGUALA','ORLANDO HERNANDEZ PEREZ',6,8,25,0,27),(48,'ORGANIZACIÓN PARA LA EMPRESA BASADOS EN ERP CON JAVA + SPRING + MAVEN + JPA','SOLUCIONES DIGITALES Y DE PROCESOS S.A. DE C.V.','IVÁN ARANDA CAMARILLO',25,2,27,0,16),(49,'Análisis y diseño gráfico de módulos del ERP basados en Java + Spring + Maven + JPA','SOLUCIONES DIGITALES Y DE PROCESOS S.A. DE C.V.','IVÁN ARANDA CAMARILLO',25,6,3,0,8),(50,'Desarrollo e Implementacion de modulos del ERP basados en Java + Spring + Maven +JPA','SOLUCIONES DIGITALES Y DE PROCESOS S.A. DE C.V. ','IVÁN ARANDA CAMARILLO ',25,27,6,0,3),(51,'PRUEBAS DE LOS MÓDULOS DEL ERP DE LA EMPRESA SOLUCIONES DIGITALES Y DE PROCESOS ','SOLUCIONES DIGITALES Y DE PROCESOS S.A. DEC.V. ','IVÁN ARANDA CAMARILLO ',25,3,2,0,6),(52,'MONITOREO AUTOMATIZADO A TRAVÉS DE LA CLOUD','CONDOR CONSULTING SERVICES S.A. DE C.V','SENIOR EDWARDS AGUILAR',10,4,7,0,19),(53,'CREACION Y ADMINISTRACION DE EQUIPO DE INVENTARIO SISTEMATIZADO DE TECNOLOGIA DE INFORMATICA (IT)','MINERA MEDIA LUNA S.A. DE C.V.','MARINA SALDAÑA MARCOS',9,10,29,0,7),(54,'Diseño, Reparación y Mejoramiento de la red LAN, para optimizar la comunicación dentro de las áreas de la empresa Servicio Panamericano S.A. de C.V.','SERVICIO PANAMERICANO S.A. DE C.V.','VICTOR ORTEGA VELAZQUEZ',17,8,25,0,14),(55,'MIGRACIÓN DE COLMENA (CMS - DESARROLLO INTERNO) A BRIGHTSPOT (CMS- DESARROLLO DE PAGA) PARA PRESERVAR LA MICRODATA PARA EL SEO Y LA GENERACIÓN DE NUEVO CONTENIDO','Tv Azteca/ ADN40','LIC. MARIA DE LOURDES MARTINEZ ORDOÑEZ',10,9,18,0,20),(56,'Administración y Mejora del Portal Interno de Información de Infraestructura Tecnológica','Grupo Financiero Inbursa','Vicente Ordaz Badilla',2,27,8,0,6),(57,'REESTRUCTURACIÓN  DE LA RED DE DATOS DEL ITI','INSTITUTO TECNOLÓGICO DE IGUALA','M.C. ORLANDO HERNANDEZ PEREZ',6,8,14,0,2),(58,'Administración de recursos compartidos en la plataforma Sharefile','Grupo Financiero Inbursa','Jesús Téllez Salero',9,10,4,0,18),(59,'\"SISTEMA DE INVENTARIO DEL EQUIPO DE SOPORTE TÉCNICO DEL GRUPO FINANCIERO INBURSA\"','GRUPO FINANCIERO INBURSA','GEORGINA ARACELI LARRONDO GUTIERREZ',9,0,0,0,0),(60,'IMPLEMENTACIÓN DEL MÓDULO DE CAPACITACIÓN DOCENTE EN EL DEPARTAMENTO DE DESARROLLO ACADÉMICO DEL TECNM/INSTITUTO TECNOLÓGICO DE IGUALA.','INSTITUTO TECNOLÓGICO DE IGUALA','M.A. ELISA TRUJILLO BELTRAN',6,27,8,0,25),(61,'Evolución y mantenimiento del Sistema de Procesamiento de Solicitudes del voto MRE','INE Quantum, Blvd. Adolfo López Mateos 239, Los Alpes, 01710 Ciudad de México, CDMX','ING. LOPEZ CHAVEZ IVAN',3,27,16,0,2),(62,'ADMINISTRACIÓN DE LOS LABORATORIOS DEL EDIFICIO \"F\" DEL ITI','INSTITUTO TECNOLÓGICO DE IGUALA','JORGE EDUARDO ORTEGA LOPEZ',8,6,2,0,14),(63,'\"Seguimiento en la reestructuración de controles para la infraestructura tecnológica de Windows\"','Grupo Financiero  Inbursa','Ing. Jesús Téllez Salero',2,25,3,0,27),(64,'SISTEMA DE APOYO PARA ASOCIACIÓN CIVIL DEPORTIVA Y CULTURAL DE COACOYULA DE ÁLVAREZ ','CENTRO DEPORTIVO DE COACOYULA DE ÁLVAREZ','JOSE GUADALUPE CERON ALARCON',3,8,17,0,6),(65,'DATALAKE DE INSFRAESTRUCTURA PARA MONITOREO Y ANÁLISIS DE DATOS ','BLUETAB','ELSA PAOLA MARTINEZ CANDELAS ',16,3,28,0,14),(66,'CONSOLIDACIÓN DE SERVIDORES DE BASES DE DATOS SQL SERVER','EXPERIENCIAS XCARET PARQUES S.A.P.I. DE C.V. ','ERNESTO JOSE SOLIS TELLO ',2,25,27,0,12),(67,'CONFIGURACION Y ADMINISTRACION DE LOS SERVICIOS DE LA RED DEL H. AYUNTAMIENTO MUNICIPAL DE IGUALA, GRO.','H. AYUNTAMIENTO MUNICIPAL CONSTITUCIONAL DE IGUALA DE LA INDEPENDENCIA, GRO. ','LIC. LIDIO ALBERTO TORRES SEGURA ',27,25,14,0,8),(68,'\"GESTIÓN Y CONTROL DE SOPORTE TÉCNICO AL USUARIO FINAL\"','EXPERIENCIAS XCARET PARQUES S.A.P.I. DE C.V.','ING. JOSE JUAN MENDOZA VARGAS',6,3,21,0,17),(69,'AUTOMATIZACION DE LA BIBLIOTECA DE LA ESC. PRIMARIA \"RAFAEL MOLINA BETANCOURT\"','Esc. Primaria \"Rafael Molina Betancourt\" C.C.T. 12DPR2221Z','C. Arely León Silva',9,0,0,0,0),(70,'Sistema de Captura De Datos Del Candidato A Titularse','INSTITUTO TECNOLÓGICO DE IGUALA','Leobarda Esperanza Soto Taboada',10,0,0,0,0),(71,'Sistema De Digitalización De Documentos Oficiales Para El Otorgamiento De Cedula Profesional','INSTITUTO TECNOLÓGICO DE IGUALA','LEOBARDA ESPERANZA SOTO TABOADA',10,0,0,0,0),(72,'\"ADMINISTRACIÓN DE LA RED ACADÉMICA DEL CBTis No. 56\"','CBTis No. 56','Lic. Pedro Ramírez González',14,0,0,0,0),(73,'DISEÑO, DESARROLLO E IMPLEMENTACIÓN DE UN CHATBOT PARA LA PAGINA WEB DEL DEPARTAMENTO DE SISTEMAS Y COMPUTACIÓN DEL ITI','INSTITUTO TECNOLÓGICO DE IGUALA','JORGE EDUARDO ORTEGA LOPEZ',3,0,0,0,0),(74,'SISTEMAS DE CONTROL Y ADMINISTRACIÓN DE INFORMACION ESTUDIANTIL, ESCUELA PRIMARIA \"PROF. CARITINO MALDONADO PÉREZ\", ZONA 134','ESCUELA PRIMARIA \"PROF. CARITINO MALDONADO PÉREZ\"','LIC. FRANCISCO ECHEVERRIA CARRANZA',8,0,0,0,0),(75,'MINERIA DE DATOS DE ARTICULOS INDEXADOS RELACIONADOS CON LA INESTABILIDAD DEL TERRENO','UNIVERSIDAD MICHOACANA DE SAN NICOLÁS DE HIDALGO','M.C. ANGEL JAHUDIEL CERVANTES PINA',8,0,0,0,0),(76,'DISEÑO, DESARROLLO E IMPLEMENTACIÓN DE UN SISTEMA PARA CONTROL DE ACCESO A LOS LABORATORIOS DE LOS EDIFICIOS \"F\" Y \"G\" DEL ITI','INSTITUTO TECNOLÓGICO DE IGUALA','JORGE EDUARDO ORTEGA LOPEZ',28,0,0,0,0),(77,'SIMULADOR DE VENTAS. SIS (Interactive Sales System) Sistema de ventas interactivo','CENTRO DE ATENCION MULTIPLE No. 48','JORGE ALEJANDRO TELLEZ ORTIZ',9,0,0,0,0),(81,'ANÁLISIS Y DETERMINACIÓN DE DISPOSITIVOS PARA EL CONTROL DE ACCESO AL ITI ','INSTITUTO TECNOLÓGICO DE IGUALA ','0',27,2,3,25,0),(82,'Instalación de Reloj Checador para la Esc. Sec. Tec. 307 \"Eduardo Gamboa Flores\"','ESC. SEC. TEC. 307 \"EDUARDO GAMBOA FLORES\"','ING. JUAN CARLOS MONTAÑEZ VÁZQUEZ',15,0,0,0,0),(83,'SISTEMA DE PUNTO DE VENTA PARA LA EMPRESA BO HAIR STUDIO','BO HAIR STUDIO','MAURA MA. BERENICE OLGUIN ADAN ',4,0,0,0,0),(84,'SIN PROYECTO\r\n','INSTITUTO TECNOLÓGICO DE IGUALA','ING. JAVIER TABOADA VÁZQUEZ ',0,0,0,0,0),(86,'MANTENIMIENTO Y ADMINISTRACIÓN DEL EQUIPO DE CÓMPUTO DEL TECNOLÓGICO NACIONAL DE MEXICO CAMPUS IGUALA ','INSTITUTO TECNOLÓGICO DE IGUALA ','C.P. ANDREA ARZATE SALGADO',29,0,0,0,0),(87,'REESTRUCTURACION DE LA RED DE DATOS DEL TECNOLOGICO NACIONAL DE MEXICO CAMPUS IGUALA','TECNOLOGICO NACIONAL DE MEXICO CAMPUS IGUALA','ORLANDO HERNANDEZ PEREZ',6,0,0,0,0),(88,'SISTEMA DE PUNTO DE VENTA EN IMPRENTA LA CENTRAL','IMPRENTA LA CENTRAL','MARCO ANTONIO CANO HERNANDEZ',25,0,0,0,0),(89,'SCM-SC, Solution Center y Transformación Ágil','CORPORACIÓN DE SERVICIOS EN TECNOLOGÍA DE LA INFORMACIÓN (COSTI)','ING. ISMAEL BETANCOURT GARCIA',2,0,0,0,0),(90,'Proyectos en Procesos TI para Solution Center y Transformación Ágil ','CORPORACIÓN DE SERVICIOS EN TECNOLOGÍA DE LA INFORMACIÓN ','ING. ISMAEL BETANCOURT GARCIA ',3,0,0,0,0),(91,'SCM-SPEI, SCM Solution Center y Transformación Ágil ','CORPORACION DE SERVICIOS EN TECNOLOGÍA DE LA INFORMACIÓN (COSTI)  ','ING. ISMAEL BETANCOURT GARCIA ',27,0,0,0,0),(92,'ACTUALIZACIÓN DE LA CARTERA DE CLIENTES, EN LA BASE DE DATOS DE GRUPO FINANCIERO INBURSA, BASADA EN ORACLE SQL DEVELOPER','GRUPO FINANCIERO INBURSA','ING. MARIO ENRIQUE ESPINOSA OCAMPO',2,0,0,0,0),(93,'CONSULTOR Y VENTAS DE PRODUCTOS Y SERVICIOS','REMODELACIONES Y CONSTRUCCIONES IBARRA','ROBERTO CARLOS IBARRA TRINIDAD ',21,0,0,0,0),(94,'Página Web de Reservaciones del Hotel \"Las Brisas\"','Hotel las Brisas','ORLANDO HERNANDEZ PEREZ',6,0,0,0,0),(95,'Página Web de la Institución \"Gral. Epifanio Rodriguez Adame\" CBTa No. 223 de Cocula, Gro.','CBTa No. 223 ','LIC. GIOVANNY MARTINEZ VILLANUEVA',30,0,0,0,0),(96,'SISTEMA DE CONTROL Y ADMINISTRACIÓN DE INFORMACIÓN ESTUDIANTIL, ESCUELA PRIMARIA PROF. CARITINO MALDONADO PÉREZ, ZONA 134','ESCUELA PRIMARIA PROF. CARITINO MALDONADO PÉREZ','LIC. FRANCISCO ECHEVERRIA CARRANZA',8,0,0,0,0),(97,'SISTEMA DISTRIBUIDO PARA EL CONTROL DE AGREMIADOS (S.D.C.A.)','SINDICATO ESTATAL DE TRABAJADORES ADMINISTRATIVOS Y DE INTENDENCIA DEL GOBIERNO DEL ESTADO Y MUNICIPIOS (S.E.T.A.I.G.E.M.)','LIC. FANNY TORNES GONZALEZ',16,0,0,0,0),(98,'\"ASIGCMMI - Implementación y Evaluación\"','CORPORACIÓN DE SERVICIOS EN TECNOLOGÍA DE LA INFORMACIÓN (COSTI) ','ING. VANESSA ISLAS PADILLA',27,0,0,0,0),(99,'\"DESARROLLO E IMPLEMENTACIÓN DE SISTEMA DE CONTROL DE INVENTARIO Y DISTRIBUCIÓN, DENTAL IMPLANT BIONIC.\"','CLÍNICA DE ESPECIALIDADES DENTAL ESTHETICS','Dr. ANGEL GAMALIEL MASTACHE ROMÁN',25,0,0,0,0),(100,'\"SISTEMA INTEGRAL DE RECURSOS HUMANOS Y CLIMA LABORAL\"','OUTSOURCING CONSUTORIA Y COACHING DE CAPITAL HUMANO S. DE R.L.','LIC. JOSÉ MANUEL JIMÉNEZ SOTO',2,0,0,0,0);
/*!40000 ALTER TABLE `proyecto` ENABLE KEYS */;
UNLOCK TABLES;

--
-- Table structure for table `residentes`
--

DROP TABLE IF EXISTS `residentes`;
/*!40101 SET @saved_cs_client     = @@character_set_client */;
 SET character_set_client = utf8mb4 ;
CREATE TABLE `residentes` (
  `id` int(10) unsigned NOT NULL AUTO_INCREMENT,
  `noControl` varchar(12) CHARACTER SET utf8 COLLATE utf8_general_ci NOT NULL,
  `nombre` varchar(50) CHARACTER SET utf8 COLLATE utf8_general_ci NOT NULL,
  `apellidoP` varchar(50) CHARACTER SET utf8 COLLATE utf8_general_ci NOT NULL,
  `apellidoM` varchar(50) CHARACTER SET utf8 COLLATE utf8_general_ci NOT NULL,
  `carrera` varchar(50) CHARACTER SET utf8 COLLATE utf8_general_ci NOT NULL,
  `periodo` varchar(45) CHARACTER SET utf8 COLLATE utf8_general_ci NOT NULL,
  `anio` varchar(45) CHARACTER SET utf8 COLLATE utf8_general_ci NOT NULL,
  `sexo` varchar(50) CHARACTER SET utf8 COLLATE utf8_general_ci NOT NULL,
  `telefono` varchar(11) CHARACTER SET utf8 COLLATE utf8_general_ci NOT NULL,
  `revisionOk` int(1) unsigned NOT NULL DEFAULT '0',
  `tipo_registro` int(11) NOT NULL,
  `proyecto_id` int(10) unsigned NOT NULL,
  PRIMARY KEY (`id`),
  KEY `fk_residentes_proyecto_idx` (`proyecto_id`),
  CONSTRAINT `fk_residentes_proyecto` FOREIGN KEY (`proyecto_id`) REFERENCES `proyecto` (`id`)
) ENGINE=InnoDB AUTO_INCREMENT=96 DEFAULT CHARSET=utf8 COLLATE=utf8_unicode_ci;
/*!40101 SET character_set_client = @saved_cs_client */;

--
-- Dumping data for table `residentes`
--

LOCK TABLES `residentes` WRITE;
/*!40000 ALTER TABLE `residentes` DISABLE KEYS */;
INSERT INTO `residentes` VALUES (1,'14670015','ARTURO','PINEDA','VAZQUEZ','Ingeniería en Sistemas Computacionales','EJ','2019','M','7331311187',3,1,2),(2,'14670008','MARIA DEL CARMEN','IZOTECO','PORFIRIO','Ingeniería en Sistemas Computacionales','EJ','2019','F','7331173602',3,1,3),(3,'15670362','HECTOR DE JESUS','MASTACHE','SALGADO','Ingeniería en Sistemas Computacionales','EJ','2019','M','33 36375',3,1,4),(4,'14670021','DELIA MARLEN','ANDRADE ','PEREZ','Ingeniería en Sistemas Computacionales','EJ','2019','F','7331364219',3,1,5),(5,'14670065','JESUS ALEJANDRO','MARTINEZ','VILLEGAS','Ingeniería en Sistemas Computacionales','EJ','2019','M','33 26317',3,1,6),(6,'14670050','LORENZA','TORRES','TOLEDO','Ingeniería en Sistemas Computacionales','EJ','2019','F','7361043320',3,1,7),(7,'14670042','MARICARMEN ','CRUZ MANJARREZ','HERNANDEZ','Ingeniería en Sistemas Computacionales','EJ','2019','F','7361060194',3,1,8),(8,'14670020','JOSE FRANCISCO','VILLA','ESCALERA','Ingeniería en Sistemas Computacionales','EJ','2019','M','1313484',3,1,9),(9,'14670027','ENRRIQUE','CHEGUE','VILLANUEVA','Ingeniería en Sistemas Computacionales','AD','2019','M','7331084591',3,1,10),(10,'15670026','LUIS ANGEL','SOTO','AGUILAR','Ingeniería Informática','AD','2019','M','7331257923',3,1,11),(11,'15670077','EDUARDO','DELGADO','FUENTES','Ingeniería Informática','AD','2019','M','7361063171',3,1,12),(12,'14670074','CARLOS ADRIAN','JORDAN','RAMIREZ','Ingeniería en Sistemas Computacionales','AD','2019','M','7331216186',2,1,13),(13,'15670044','ALBERTO','REGINO','CRUZ','Ingeniería en Sistemas Computacionales','AD','2019','M','7331527915',3,1,14),(14,'15670004','HECTOR ARTURO','ROMAN ','BANDERA','Ingeniería en Sistemas Computacionales','AD','2019','M','7331190680',3,1,15),(15,'15670042','CARMELO','VILLA','QUEVEDO','Ingeniería en Sistemas Computacionales','AD','2019','M','7621287499',3,1,16),(16,'15670049','DIANA LAURA','GONGORA','REYES','Ingeniería en Sistemas Computacionales','AD','2019','F','7331207722',3,1,17),(17,'15670352','NORMA','ALCAIDE','CARRANZA','Ingeniería Informática','AD','2019','F','7331180650',3,1,18),(18,'15670030','TATIANA YATZHIRY','REYES','GARCIA','Ingeniería en Sistemas Computacionales','AD','2019','F','7331098307',3,1,19),(19,'15670009','HECTOR SAUL','MARTINEZ','BERNAL','Ingeniería en Sistemas Computacionales','AD','2019','M','7331206012',3,1,20),(20,'15670023','MANUEL ALEJANDRO','MARTINEZ ','RAMIREZ','Ingeniería en Sistemas Computacionales','AD','2019','M','7331280078',3,1,21),(21,'15670057','ANGEL DE JESUS','ROMERO','ROSAS','Ingeniería en Sistemas Computacionales','AD','2019','M','7331416047',3,1,22),(22,'15670059','GUADALUPE','GARCIA','CARDENAS','Ingeniería en Sistemas Computacionales','AD','2019','F','7333390477',3,1,23),(23,'15670010','MARCO URIEL','SALGADO','TAMPA','Ingeniería en Sistemas Computacionales','AD','2019','M','7331483478',2,1,24),(24,'15670032','MIRIAM','PINEDA','CUEVAS','Ingeniería en Sistemas Computacionales','AD','2019','F','7331558845',3,1,25),(25,'15670075','DIANA ELIZABETH','ORTIZ','ORTIZ','Ingeniería en Sistemas Computacionales','AD','2019','F','7335935969',3,1,26),(26,'15670038','JOSÉ','VELÁZQUEZ','JIMÉNEZ','Ingeniería en Sistemas Computacionales','AD','2019','M','7331071065',3,1,27),(27,'15670078','MA. DE LOURDES','RODRIGUEZ','VILLEGAS','Ingeniería en Sistemas Computacionales','AD','2019','M','7331360137',3,1,28),(28,'14670086','PEDRO ANGEL','CARDONA','MORALES','Ingeniería en Sistemas Computacionales','AD','2019','M','7331572931',0,1,29),(29,'15670085','GERARDO','SANCHEZ','ROMERO','Ingeniería en Sistemas Computacionales','AD','2019','M','7331189688',3,1,30),(30,'14670231','JESUS EMANUEL','SALGADO','VILLALOBOS','Ingeniería en Sistemas Computacionales','AD','2019','M','7333370931',3,1,31),(31,'15670080','LILIANA ELIZABETH','GARRIDO','SANCHEZ','Ingeniería en Sistemas Computacionales','AD','2019','F','7331282731',3,1,32),(32,'15670013','HECTOR','SOLIS','JIMENEZ','Ingeniería Informática','AD','2019','M','7331080307',3,1,33),(33,'14670009','JESUS ARMANDO','VIEYRA','MORALES','Ingeniería Informática','AD','2019','M','7621050735',0,1,34),(34,'15670079','VANESSA ','DIAZ','LANDA','Ingeniería Informática','AD','2019','M','7361113399',3,1,35),(35,'15670065','MARIA ESTEFANY','NERI','HERNANDEZ','Ingeniería Informática','AD','2019','F','7332948334',3,1,36),(36,'14670077','JESUS','JIMENEZ','ABARCA','Ingeniería Informática','AD','2019','M','7331152176',0,1,37),(37,'15670108','JAVIER ','SALINAS','BUSTAMANTE','Ingeniería Informática','AD','2019','M','7331357923',3,1,38),(38,'14670094','DAMIAN','FLORES','BAHENA','Ingeniería Informática','AD','2019','M','7222602395',3,1,39),(39,'15670007','JULISSA CITLALI','HERNANDEZ','LOPEZ','Ingeniería Informática','AD','2019','F','7331349446',3,1,40),(40,'15670021','RAFAEL ALEJANDRO ','SANTOS','TRUJILLO','Ingeniería en Sistemas Computacionales','AD','2019','M','7331487116',3,1,41),(41,'15670066','VICENTE','URIOSTEGUI','VILLALBA','Ingeniería Informática','AD','2019','M','0',3,1,42),(42,'15670025','BERNARDO','CASTREJON','CASTREJON','Ingeniería Informática','AD','2019','M','7331571871',3,1,43),(43,'15670062','LIZETH','CERON','MAZON','Ingeniería Informática','AD','2019','F','7331000901',3,1,44),(44,'15670019','JETZE OFNIEL ','BUSTAMANTE','TRUJILLO','Ingeniería en Sistemas Computacionales','AD','2019','M','7331089226',3,1,45),(45,'15670040','ARACELI','MARTÍNEZ','QUINTANA','Ingeniería en Sistemas Computacionales','AD','2019','F','7331050073',3,1,46),(46,'14670375','PEDRO CESAR ','GARCIA','ROA','Ingeniería en Sistemas Computacionales','AD','2019','M','7331062328',3,1,47),(47,'15670051','YONATHAN','ROMÁN','SALGADO','Ingeniería en Sistemas Computacionales','AD','2019','M','7331089089',3,1,48),(48,'15670072','IGNACIO','TETITLAN','PALATZIN','Ingeniería en Sistemas Computacionales','AD','2019','M','7331077670',3,1,49),(49,'15670098','CARLOS','DíAZ','SANDOVAL','Ingeniería en Sistemas Computacionales','AD','2019','M','7621220662',3,1,50),(50,'15670028','JOSÉ ALFREDO','PERALTA','GARCÍA','Ingeniería en Sistemas Computacionales','AD','2019','M','7331277015',3,1,51),(51,'15670037','JESSICA','RODRIGUEZ','CIRIACO','Ingeniería en Sistemas Computacionales','AD','2019','F','7331529020',3,1,52),(52,'15670054','GUADALUPE ITZEL','VELASCO','SOLIS','Ingeniería Informática','AD','2019','F','7335831965',3,1,53),(53,'14670013','FRANCISCO JAVIER','MENDOZA','FERNANDEZ','Ingeniería Informática','AD','2019','M','7331893281',0,1,54),(54,'15670047','PAULINA','SALGADO','SALGADO','Ingeniería en Sistemas Computacionales','AD','2019','F','7331470583',3,1,55),(55,'15670035','HUGO DANIEL','OLIVARES','ORTIZ','Ingeniería en Sistemas Computacionales','AD','2019','M','7331079771',2,1,56),(56,'14670105','LUIS','VILLANUEVA','VEGA','Ingeniería en Sistemas Computacionales','AD','2019','M','7331916488',3,1,57),(57,'15670036','NOE','SEDANO','FIGUEROA','Ingeniería en Sistemas Computacionales','AD','2019','M','7331064143',3,1,58),(58,'15670346','NAYELI','MARTÍNEZ','SOLANO','Ingeniería Informática','AD','2019','M','7361009366',1,1,59),(59,'15670319','LAURA DEL ROCIO ','HUERTA','APARICIO','Ingeniería Informática','AD','2019','F','7331070341',3,1,60),(60,'15670053','RAFAEL ','QUINTO','ZAGAL','Ingeniería en Sistemas Computacionales','AD','2019','M','7331346389',3,1,61),(61,'14670064','JOAQUIN ADOLFO','DOMINGUEZ','BAHENA','Ingeniería en Sistemas Computacionales','AD','2019','M','7331269260',3,1,62),(62,'15670027','CARLOS','URIOSTEGUI','MORENO','Ingeniería en Sistemas Computacionales','AD','2019','M','7361066429',3,1,63),(63,'14670104','JOSE ADRIAN','CERON','LOPEZ','Ingeniería en Sistemas Computacionales','AD','2019','M','7331909113',3,1,64),(64,'15670076','BRIAN ANTONIO','CHAPLIN','CUENCA','Ingeniería Informática','AD','2019','M','7331071397',0,1,65),(65,'15670090','JAVIER','CASTAÑEDA','DOMINGUEZ','Ingeniería en Sistemas Computacionales','AD','2019','M','7621166226',3,1,66),(66,'15670031','RICARDO YAIR','GARCIA','VARGAS','Ingeniería en Sistemas Computacionales','AD','2019','M','7332948267',3,1,67),(67,'15670061','PAOLA DENISSE','LOPEZ','CASTRO','Ingeniería en Sistemas Computacionales','AD','2019','F','7331903270',3,1,68),(68,'15670052','JOSÉ ALBERTO','RÍOS ','ROMÁN','Ingeniería en Sistemas Computacionales','EJ','2020','M','7331423037',0,1,69),(69,'16670012','SAUL AMADO','MORENO','RIOS','Ingeniería en Sistemas Computacionales','EJ','2019','M','7333378209',0,1,70),(70,'16670018','FREDY OSVALDO ','HERNANDEZ','GONZALEZ','Ingeniería en Sistemas Computacionales','EJ','2019','M','7331588966',0,1,71),(71,'13670057','ALECXA SCARLETT','HERNANDEZ ','QUEZADA','Ingeniería en Sistemas Computacionales','EJ','2019','F','7331510752',0,1,72),(72,'15670043','SAÚL','AVILÉS','MILLÁN','Ingeniería en Sistemas Computacionales','EJ','2019','M','7621157373',0,1,73),(73,'15670082','VICTOR MANUEL','ECHEVERRIA','MORALES','Ingeniería en Sistemas Computacionales','EJ','2019','M','7331423477',0,1,74),(74,'16670002','JOSE IVAN','ESTRADA','ARELLANO','Ingeniería en Sistemas Computacionales','EJ','2019','M','7331076260',0,1,75),(75,'15670008','JONATHAN JOSE','LOPEZ','MARTINEZ','Ingeniería Informática','EJ','2019','M','7331560070',0,1,76),(77,'03670290','EDWIN AGUSTIN ','ROQUE ','ROA','Ingeniería en Sistemas Computacionales','AD','2019','M','0',3,2,81),(78,'14670352','MAX','RAMIREZ','ARANCIBIA','Ingeniería Informática','EJ','2020','M','7331076190',0,1,82),(79,'14670103','KAREN LORELY','REYNA','VARGAS','Ingeniería en Sistemas Computacionales','EJ','2020','F','7331690684',1,1,83),(80,'17670001','ARISBETH','ALCOCER','CUEVAS','Ingeniería en Sistemas Computacionales','EJ','2020','F','7331278510',0,1,84),(81,'15670083','ALEXANDER','NAJERA','GARCIA','Ingeniería Informática','EJ','2020','M','7271018959',0,1,86),(82,'14670086','PEDRO ANGEL','CARDONA','MORALES','Ingeniería en Sistemas Computacionales','EJ','2020','M','7331572931',1,1,87),(83,'15670064','EDGAR EZEQUIEL','CANO','BAHENA','Ingeniería en Sistemas Computacionales','EJ','2020','M','7331054723',0,1,88),(84,'16670014','JOSÉ JUAN ','MUNDO','MENDOZA','Ingeniería en Sistemas Computacionales','EJ','2020','M','7621105085',0,1,89),(85,'16670001','CATALINA','MORALES','CORTÉS','Ingeniería en Sistemas Computacionales','EJ','2020','F','7341268613',0,1,90),(86,'16670011','PAULA','SALGADO','FLORES','Ingeniería en Sistemas Computacionales','EJ','2020','F','7331346474',0,1,91),(87,'16670004','VÍCTOR DANIEL','SANCHEZ','VELAZQUEZ','Ingeniería en Sistemas Computacionales','EJ','2020','M','7621076836',0,1,92),(88,'13670116','EDGAR','TRUJILLO ','SANTIAGUILLO','Ingeniería en Sistemas Computacionales','EJ','2020','M','7331291750',0,1,93),(89,'14670120','CARLOS ALFREDO ','MARTINEZ','MARIN','Ingeniería en Sistemas Computacionales','EJ','2020','M','7335844010',0,1,94),(90,'14670243','MARY CARMEN','FLORES','GUADARRAMA','Ingeniería Informática','EJ','2020','F','7771499845',0,1,95),(91,'15670084','ERIC FRANCISCO','ROQUE','TORRES','Ingeniería en Sistemas Computacionales','EJ','2020','M','7331283063',0,1,96),(92,'15670101','MIGUEL ANGEL','TORNEZ','GONZALEZ','Ingeniería en Sistemas Computacionales','EJ','2020','M','7331363364',0,1,97),(93,'16670231','ANA JESSICA','CERECER ','FLORES','Ingeniería en Sistemas Computacionales','AD','2020','F','0',0,1,98),(94,'16670129','CARLOS','OCAMPO','PINEDA','Ingeniería en Sistemas Computacionales','AD','2020','M','7331008887',0,1,99),(95,'16670038','ANTONIO','ROMAN','MADRID','Ingeniería en Sistemas Computacionales','AD','2020','M','733135326',0,1,100);
/*!40000 ALTER TABLE `residentes` ENABLE KEYS */;
UNLOCK TABLES;

--
-- Table structure for table `usuarios`
--

DROP TABLE IF EXISTS `usuarios`;
/*!40101 SET @saved_cs_client     = @@character_set_client */;
 SET character_set_client = utf8mb4 ;
CREATE TABLE `usuarios` (
  `id` int(11) NOT NULL AUTO_INCREMENT,
  `nombre` mediumtext CHARACTER SET utf8 COLLATE utf8_unicode_ci NOT NULL,
  `usuario` varchar(60) CHARACTER SET utf8 COLLATE utf8_unicode_ci NOT NULL,
  `password` mediumtext CHARACTER SET utf8 COLLATE utf8_unicode_ci NOT NULL,
  `perfil` mediumtext CHARACTER SET utf8 COLLATE utf8_unicode_ci NOT NULL,
  `estado` int(11) unsigned NOT NULL DEFAULT '1',
  PRIMARY KEY (`id`),
  UNIQUE KEY `usuario_UNIQUE` (`usuario`)
) ENGINE=InnoDB AUTO_INCREMENT=4 DEFAULT CHARSET=utf32 COLLATE=utf32_unicode_ci;
/*!40101 SET character_set_client = @saved_cs_client */;

--
-- Dumping data for table `usuarios`
--

LOCK TABLES `usuarios` WRITE;
/*!40000 ALTER TABLE `usuarios` DISABLE KEYS */;
INSERT INTO `usuarios` VALUES (2,'Jorge Ortega','Sistemas','$2a$07$asxx54ahjppf45sd87a5au1RGLYZNJC/N86wDHeGu9F8YjK4w7HdO','Administrador',1),(3,'Servicio','Servicio','$2a$07$asxx54ahjppf45sd87a5auRlWjzm6l13Q4OFj9MiYt4ruVOIkyLhO','Usuario',1);
/*!40000 ALTER TABLE `usuarios` ENABLE KEYS */;
UNLOCK TABLES;

--
-- Dumping events for database 'sdr'
--

--
-- Dumping routines for database 'sdr'
--
/*!40103 SET TIME_ZONE=@OLD_TIME_ZONE */;

/*!40101 SET SQL_MODE=@OLD_SQL_MODE */;
/*!40014 SET FOREIGN_KEY_CHECKS=@OLD_FOREIGN_KEY_CHECKS */;
/*!40014 SET UNIQUE_CHECKS=@OLD_UNIQUE_CHECKS */;
/*!40101 SET CHARACTER_SET_CLIENT=@OLD_CHARACTER_SET_CLIENT */;
/*!40101 SET CHARACTER_SET_RESULTS=@OLD_CHARACTER_SET_RESULTS */;
/*!40101 SET COLLATION_CONNECTION=@OLD_COLLATION_CONNECTION */;
/*!40111 SET SQL_NOTES=@OLD_SQL_NOTES */;

-- Dump completed on 2020-09-01 17:00:04
